term	estimate	std.error	statistic	p.value
dmg_h3k28DMG	0.3967631100515745	0.32549245075218514	1.2189625569953741	0.22285840426065404
telhunt_score	0.13657153647494913	0.10197437979758013	1.3392730286376304	0.1804818058024878
reported_genderMale	-0.21871089520947656	0.31437463922164965	-0.6957014590966244	0.48661581158434514
reported_genderUnknown	-1.2664454174407787	1.0594777449185788	-1.195348768310471	0.23195079317540473
atrx_mutATRX_mut	0.6345639412879938	0.3382108969964516	1.8762374214531927	0.060622685681386596
