term	estimate	std.error	statistic	p.value
alt_finalPOS	-0.1606961282234629	0.38135316280143267	-0.42138401853805	0.6734746872004713
