term	estimate	std.error	statistic	p.value
alt_finalPOS	-0.3099186734955439	0.35394945216514234	-0.8756015063725683	0.3812467062073852
