term	estimate	std.error	statistic	p.value
dmg_h3k28DMG	1.24940535097368	0.2799180829034458	4.463467804631424	8.064372047429478e-6
alt_finalPOS	-0.4063399294705128	0.34601845186587993	-1.1743302337761283	0.24026277780362837
telhunt_score	0.017335536573645116	0.10486186510137528	0.16531783558194368	0.8686938212037817
germline_sex_estimateMale	0.1627065799907897	0.25659058401874235	0.634109706765019	0.5260092284259352
atrx_mutATRX_mut	0.3223109241353743	0.3118942361635932	1.0333981419468021	0.3014176156474968
