term	estimate	std.error	statistic	p.value
dmg_h3k28DMG	1.2635271856474115	0.27720241381210037	4.558139188874034	5.160883215480913e-6
alt_finalPOS	-0.06994678018165462	0.4941827839735361	-0.1415403013824948	0.8874431245927791
telhunt_catHigh	-0.43482902155581216	0.5652368083256987	-0.7692864568459891	0.4417232752617788
germline_sex_estimateMale	0.13198401775104274	0.2560184945041398	0.5155253256475522	0.6061859769393111
atrx_mutATRX_mut	0.48673787887045894	0.3813938138828245	1.2762081112831034	0.20188196208000087
