term	estimate	std.error	statistic	p.value
dmg_h3k28DMG	1.089151771537486	0.28210147960565807	3.860850971288706	1.1299280856076377e-4
groupHGAT	1.9755573401457116	0.22877634553955126	8.635321695896982	5.856199961574009e-18
telhunt_score	-0.24145029775027982	0.12675808434344835	-1.9048118232528297	0.05680453643463738
reported_genderMale	0.19010779320006113	0.1846874135366573	1.0293489391594517	0.3033157339340545
reported_genderNot Reported	0.3231032392288624	0.33337353431410927	0.9691928301795846	0.33244898770970444
reported_genderUnknown	0.19506494882186354	0.38564407456577765	0.5058160145245332	0.6129858150986136
atrx_mutATRX_mut	0.3615239271378477	0.2839143382805015	1.2733556513115218	0.20289186701911155
