term	estimate	std.error	statistic	p.value
dmg_h3k28DMG	0.35306848244578326	0.3272940168142966	1.0787501888435402	0.28069910546934956
telhunt_catHigh	0.1545160228313359	0.39365167679851254	0.39251966125987997	0.6946742869956599
reported_genderMale	-0.15942883536818778	0.3108237186973284	-0.5129236469995239	0.6080047313904321
reported_genderUnknown	-1.1432256134861032	1.0715262751229158	-1.06691328064257	0.28601099718348455
atrx_mutATRX_mut	0.6151873088807003	0.41666538133667963	1.476454095867418	0.13982202967217927
