term	estimate	std.error	statistic	p.value
dmg_h3k28DMG	1.3616418895574003	0.3284018346609469	4.146267608289111	3.379388348316531e-5
groupHGAT	1.6529005567729171	0.2624966262213028	6.2968449559401485	3.0376483676235557e-10
phenotypeALT	0.4522985473248129	0.32046697829403514	1.4113733331670122	0.15813456169038126
reported_genderMale	0.18461270171638092	0.20056453735821514	0.9204653232722607	0.3573296460858954
reported_genderUnknown	0.15934134744960354	0.44233722658204	0.3602259495110584	0.718678170600499
atrx_mutnon_ATRX_mut	-0.14220911568638112	0.36448613967651644	-0.39016330171729585	0.6964157964422769
