term	estimate	std.error	statistic	p.value
dmg_h3k28DMG	1.1694913741021087	0.2822706276106501	4.143156459464306	3.42558067847099e-5
groupHGAT	1.9085727740007108	0.2206025962066746	8.651633329884467	5.076753365215361e-18
tel_hunt_catHigh	-0.6675730819389325	0.243243048773836	-2.7444693088008143	0.006060882153313384
reported_genderMale	0.16278727157478662	0.18464348517113316	0.8816301935804042	0.37797682167527924
reported_genderNot Reported	0.30964892991551524	0.33611830400109477	0.9212498284964173	0.3569200086207043
reported_genderUnknown	0.18355201748378383	0.384017644603395	0.47797808268250885	0.6326658046962087
atrx_mutnon_ATRX_mut	-0.6562594894582688	0.3197584174077014	-2.0523603249559454	0.040134657333686444
