term	estimate	std.error	statistic	p.value
dmg_h3k28DMG	1.1694913741021067	0.28227062761065114	4.143156459464284	3.425580678471313e-5
groupHGAT	1.9085727740007017	0.22060259620667502	8.65163332988441	5.076753365217879e-18
telhunt_catHigh	-0.6675730819389364	0.24324304877383704	-2.7444693088008187	0.006060882153313293
reported_genderMale	0.16278727157478187	0.18464348517113283	0.8816301935803801	0.37797682167529234
reported_genderNot Reported	0.3096489299155124	0.33611830400109566	0.9212498284964066	0.3569200086207099
reported_genderUnknown	0.18355201748377467	0.3840176446033958	0.477978082682484	0.6326658046962265
atrx_mutATRX_mut	0.6562594894582697	0.31975841740770455	2.0523603249559277	0.04013465733368799
