term	estimate	std.error	statistic	p.value
dmg_h3k28DMG	1.161268312450627	0.2926392366364389	3.968259095390313	7.239959528876608e-5
telhunt_catHigh	-0.46755632757652976	0.3324589668015791	-1.406357999829737	0.1596178453717751
reported_genderMale	0.0012920321321935227	0.295977252527931	0.004365308891674353	0.9965169984941684
reported_genderNot Reported	0.20339454759286027	0.35196282863901585	0.5778864443707155	0.5633407878377593
reported_genderUnknown	-0.06375933806528844	0.7533465806531399	-0.08463480116948308	0.9325517309843847
atrx_mutATRX_mut	0.4407217817277683	0.36964428775281033	1.192286196026622	0.23314904526345845
