term	estimate	std.error	statistic	p.value
dmg_h3k28DMG	1.0891517715374868	0.28210147960565807	3.8608509712887087	1.1299280856076238e-4
groupHGAT	1.975557340145712	0.22877634553955115	8.635321695896987	5.856199961573707e-18
telhunt_score	-0.2414502977502801	0.12675808434344835	-1.904811823252832	0.05680453643463697
reported_genderMale	0.19010779320006152	0.18468741353665727	1.029348939159454	0.3033157339340534
reported_genderNot Reported	0.3231032392288627	0.3333735343141093	0.9691928301795852	0.33244898770970405
reported_genderUnknown	0.19506494882186445	0.38564407456577765	0.5058160145245355	0.612985815098612
atrx_mutnon_ATRX_mut	-0.3615239271378488	0.28391433828050133	-1.2733556513115265	0.20289186701910986
