term	estimate	std.error	statistic	p.value
dmg_h3k28DMG	1.2877654218919246	0.26083492999051877	4.937089606590399	7.92970423463177e-7
groupHGAT	1.8507550975671447	0.21318632953755465	8.681396699224647	3.909380280711881e-18
