term	estimate	std.error	statistic	p.value
dmg_h3k28DMG	1.3616418895574014	0.3284018346609462	4.146267608289123	3.3793883483163465e-5
groupHGAT	1.6529005567729202	0.26249662622130265	6.2968449559401645	3.037648367623239e-10
phenotypeALT	0.45229854732481517	0.32046697829403437	1.4113733331670226	0.15813456169037812
reported_genderMale	0.18461270171638514	0.20056453735821542	0.9204653232722805	0.35732964608588513
reported_genderUnknown	0.15934134744960754	0.44233722658203994	0.3602259495110675	0.7186781706004921
atrx_mutATRX_mut	0.14220911568637842	0.3644861396765152	0.39016330171728975	0.6964157964422814
